2018/01/17 8:07:23 PM GMT+5:30,Antara Saha,antarasaha3011@gmail.com,,1st,EIE,
2018/01/17 6:42:16 PM GMT+5:30,Anurag mishra,anurag.mishra@aot.edu.in,,1st,EIE,
2018/01/12 6:24:13 PM GMT+5:30,Bahni Bikash Dutta,bahni.bikashdutta@aot.edu.in,,1st,EIE,Blue j
2018/01/16 4:52:27 PM GMT+5:30,Debjit Patra,debjit.patra@aot.edu.in,,1st,EIE,C
2018/01/11 10:19:14 PM GMT+5:30,Diptendu Paul,diptendu.paul@aot.edu.in,,1st,EIE,
2018/01/11 10:16:20 PM GMT+5:30,Sandipan sarkar,Sandipan1.Sarkar@aot.edu.in,,1st,EIE,Java
